{
    "loss": 0.15094546973705292,
    "accuracy": 0.9215686321258545
}